Date,Name,Year,Letterboxd URI,Rating,Rewatch,Tags,Watched Date
2023-12-20,The Batman,2022,https://boxd.it/5m2WwV,5,,watched in theater,2022-03-04
2023-12-20,The Batman,2022,https://boxd.it/5m2WJb,5,Yes,,2022-03-25
2023-12-20,Fantastic Beasts: The Secrets of Dumbledore,2022,https://boxd.it/5m2TWL,2.5,,watched in theater,2022-04-16
2023-12-20,Doctor Strange in the Multiverse of Madness,2022,https://boxd.it/5m32M1,3,,"watched in theater, cbm ğŸ’¬",2022-05-06
2023-12-20,Top Gun,1986,https://boxd.it/5m2TaR,3.5,,,2022-06-15
2023-12-20,Top Gun: Maverick,2022,https://boxd.it/5m2SQd,5,,watched in theater,2022-06-16
2023-12-20,Elvis,2022,https://boxd.it/5m2XKp,3.5,,watched in theater,2022-06-29
2023-12-20,Sound of Metal,2019,https://boxd.it/5m310b,4,,,2022-09-10
2023-12-20,Prey,2022,https://boxd.it/5m36Gh,3.5,,,2022-09-17
2023-12-20,Thor: Love and Thunder,2022,https://boxd.it/5m324j,2,,cbm ğŸ’¬,2022-09-23
2023-12-20,Werewolf by Night,2022,https://boxd.it/5m37y9,4.5,,cbm ğŸ’¬,2022-10-07
2023-12-20,Citizen Kane,1941,https://boxd.it/5m32lT,4,,,2022-11-08
2023-12-20,Zen - Grogu and Dust Bunnies,2022,https://boxd.it/5m3395,0.5,,,2022-11-15
2023-12-20,There Will Be Blood,2007,https://boxd.it/5m33nL,3.5,,,2022-11-18
2023-12-20,Her,2013,https://boxd.it/5m33Ab,5,,,2022-11-19
2023-12-20,Her,2013,https://boxd.it/5m38Td,5,Yes,,2022-11-20
2023-12-20,Vice,2018,https://boxd.it/5m34oP,3,,,2022-12-05
2023-12-20,The Menu,2022,https://boxd.it/5m34C3,4.5,,watched in theater,2022-12-10
2023-12-20,Avatar,2009,https://boxd.it/5m35mv,3.5,,,2022-12-15
2023-12-20,Avatar: The Way of Water,2022,https://boxd.it/5m35wP,4,,,2022-12-17
2023-12-20,Dallas Buyers Club,2013,https://boxd.it/5m34Ph,5,,,2022-12-24
2023-12-20,Glass Onion,2022,https://boxd.it/5m2hTp,3.5,,,2022-12-31
2023-12-20,The Sound of Music,1965,https://boxd.it/5m2iFt,4,,,2023-01-06
2023-12-20,Arrival,2016,https://boxd.it/5m2iUj,4,,,2023-01-11
2023-12-20,Mad Max: Fury Road,2015,https://boxd.it/5m2jo9,5,,,2023-01-15
2023-12-20,The Lord of the Rings: The Fellowship of the Ring,2001,https://boxd.it/5m2lpX,5,Yes,,2023-01-23
2023-12-20,The Lord of the Rings: The Two Towers,2002,https://boxd.it/5m2lBT,5,Yes,,2023-01-24
2023-12-20,The Lord of the Rings: The Return of the King,2003,https://boxd.it/5m2lVJ,5,Yes,,2023-01-26
2023-12-20,The Master,2012,https://boxd.it/5m2m63,3.5,,,2023-02-05
2023-12-20,Batman Begins,2005,https://boxd.it/5m2mjV,3.5,Yes,cbm ğŸ’¬,2023-02-06
2023-12-20,The Dark Knight,2008,https://boxd.it/5m2E6Z,4.5,,cbm ğŸ’¬,2023-02-08
2023-12-20,The Dark Knight Rises,2012,https://boxd.it/5m2EbZ,3.5,,cbm ğŸ’¬,2023-02-10
2023-12-20,American Psycho,2000,https://boxd.it/5m2mup,4.5,Yes,,2023-02-12
2023-12-20,Bullet Train,2022,https://boxd.it/5m2mOf,4,,,2023-02-14
2023-12-20,Interstellar,2014,https://boxd.it/5m2n1t,5,,,2023-02-15
2023-12-20,Ant-Man and the Wasp: Quantumania,2023,https://boxd.it/5m2Dbf,1.5,,"watched in theater, cbm ğŸ’¬",2023-02-17
2023-12-20,The Great Gatsby,2013,https://boxd.it/5m2nd5,3,,,2023-02-23
2024-06-10,Nightcrawler,2014,https://boxd.it/6EaZvn,4,,,2023-03-04
2023-12-20,Nightcrawler,2014,https://boxd.it/5m2nqN,4,Yes,,2023-03-06
2023-12-20,Once Upon a Time... in Hollywood,2019,https://boxd.it/5m2nGh,3,,,2023-03-11
2023-12-20,Creed III,2023,https://boxd.it/5m2nY1,3,,watched in theater,2023-03-12
2023-12-20,Morbius,2022,https://boxd.it/5m2od1,1,,cbm ğŸ’¬,2023-03-23
2023-12-20,The Machinist,2004,https://boxd.it/5m2okL,3.5,,,2023-03-27
2023-12-20,The Departed,2006,https://boxd.it/5m2ovp,4.5,,,2023-04-01
2023-12-20,Star Wars: Clone Wars,2003,https://boxd.it/5m2oH1,4,,,2023-04-02
2023-12-20,Django Unchained,2012,https://boxd.it/5m2oQ3,5,,,2023-04-11
2023-12-20,TÃR,2022,https://boxd.it/5m2p3V,3.5,,,2023-04-13
2023-12-20,Frankenstein,1931,https://boxd.it/5m2plZ,4.5,,,2023-04-18
2023-12-20,Bride of Frankenstein,1935,https://boxd.it/5m2pzH,3.5,,,2023-04-20
2023-12-20,Creature from the Black Lagoon,1954,https://boxd.it/5m2pJH,3,,,2023-04-21
2023-12-20,Guardians of the Galaxy,2014,https://boxd.it/5m2pZ1,4,Yes,cbm ğŸ’¬,2023-04-27
2023-12-20,Guardians of the Galaxy Vol. 2,2017,https://boxd.it/5m2qj1,4,Yes,cbm ğŸ’¬,2023-05-02
2023-12-20,Guardians of the Galaxy Vol. 3,2023,https://boxd.it/5m2qo1,4,,"watched in theater, cbm ğŸ’¬",2023-05-04
2023-12-20,Return of the Jedi,1983,https://boxd.it/5m2Um5,5,Yes,,2023-05-06
2023-12-20,The Wolf Man,1941,https://boxd.it/5m2qxx,4,,,2023-05-11
2023-12-20,Silver Linings Playbook,2012,https://boxd.it/5m2qIP,4,,,2023-05-14
2023-12-20,The Darjeeling Limited,2007,https://boxd.it/5m2qPr,3.5,,,2023-05-16
2023-12-20,Hotel Chevalier,2007,https://boxd.it/5m2rW9,3,,,2023-05-18
2023-12-20,The Phantom of the Opera,1925,https://boxd.it/5m2s7h,3.5,,,2023-05-18
2024-04-11,Castello Cavalcanti,2013,https://boxd.it/6fCf3N,3.5,,,2023-05-20
2024-04-11,Come Together,2016,https://boxd.it/6fCkd9,4,,,2023-05-20
2023-12-20,Inglourious Basterds,2009,https://boxd.it/5m2siT,4,,,2023-05-28
2023-12-20,Ford v Ferrari,2019,https://boxd.it/5m2suP,4.5,,,2023-06-01
2023-12-20,Lady Bird,2017,https://boxd.it/5m2sWp,4,,,2023-06-03
2023-12-20,The Wolf of Wall Street,2013,https://boxd.it/5m2t4j,3.5,,,2023-06-12
2023-12-20,American Hustle,2013,https://boxd.it/5m2tfh,3.5,,,2023-06-14
2023-12-20,The Devil All the Time,2020,https://boxd.it/5m2tnZ,3,,,2023-06-16
2023-12-20,Batman,1989,https://boxd.it/5m2tyt,3,,cbm ğŸ’¬,2023-06-21
2023-12-20,Batman Returns,1992,https://boxd.it/5m2tGd,3,,cbm ğŸ’¬,2023-06-23
2023-12-20,Bottle Rocket,1993,https://boxd.it/5m2tNX,3.5,,,2023-06-26
2023-12-20,Dune,2021,https://boxd.it/5m2uER,5,,,2023-06-28
2023-12-20,The Invisible Man,1933,https://boxd.it/5m2uPF,4,,,2023-07-03
2023-12-20,Robot Monster,1953,https://boxd.it/5m2uXf,1.5,,,2023-07-06
2023-12-20,Shame,2011,https://boxd.it/5m2v67,3.5,,,2023-07-08
2023-12-20,Simon of the Desert,1965,https://boxd.it/5m2vbV,4,,mexico ğŸ‡²ğŸ‡½,2023-07-12
2023-12-20,Dirty Dancing,1987,https://boxd.it/5m2vi3,5,,,2023-07-15
2023-12-20,The French Dispatch,2021,https://boxd.it/5m2vpt,3.5,,,2023-07-16
2023-12-20,The Graduate,1967,https://boxd.it/5m2wlR,3,,,2023-07-17
2023-12-20,2001: A Space Odyssey,1968,https://boxd.it/5m2wBP,3,,wtf cinemaâ“,2023-07-18
2023-12-20,Barbie,2023,https://boxd.it/5m2wMD,3.5,,watched in theater,2023-07-20
2023-12-20,Oppenheimer,2023,https://boxd.it/5m2xwV,5,,watched in theater,2023-07-22
2023-12-20,Taxi Driver,1976,https://boxd.it/5m2xEZ,4.5,,,2023-07-25
2023-12-20,12 Angry Men,1957,https://boxd.it/5m2yfr,5,,,2023-07-26
2023-12-20,The Square,2017,https://boxd.it/5m2yvT,2.5,,sweden ğŸ‡¸ğŸ‡ª,2023-07-27
2023-12-20,Belle de Jour,1967,https://boxd.it/5m2yHP,3.5,,france ğŸ‡«ğŸ‡·,2023-08-01
2023-12-20,Eyes Wide Shut,1999,https://boxd.it/5m2znL,4,,,2023-08-02
2023-12-20,Marriage Story,2019,https://boxd.it/5m2z1b,4,,,2023-08-04
2023-12-20,Dunkirk,2017,https://boxd.it/5m2zUZ,3,,watched on a plane,2023-08-11
2023-12-20,The Prestige,2006,https://boxd.it/5m2AcJ,4,,watched on a plane,2023-08-11
2023-12-20,Good Will Hunting,1997,https://boxd.it/5m2Avh,4.5,,watched on a plane,2023-08-11
2023-12-20,65,2023,https://boxd.it/5m2ALT,2.5,,watched on a plane,2023-08-11
2023-12-20,Marcel the Shell with Shoes On,2021,https://boxd.it/5m2B2F,4,,watched on a plane,2023-08-11
2023-12-20,Grease,1978,https://boxd.it/5m2Bml,3,,watched on a plane,2023-08-11
2023-12-20,A Trip to the Moon,1902,https://boxd.it/5m2ExV,4,,"watched for class, france ğŸ‡«ğŸ‡·, watched in theater, wtf cinemaâ“",2023-08-22
2023-12-20,The Great Train Robbery,1903,https://boxd.it/5m2EEn,3,,"watched for class, watched in theater",2023-08-22
2023-12-20,The Sprinkler Sprinkled,1895,https://boxd.it/5m2Fwf,,,"watched for class, france ğŸ‡«ğŸ‡·, watched in theater",2023-08-22
2024-09-25,Workers Leaving the LumiÃ¨re Factory,1895,https://boxd.it/7oQDEv,,,"france ğŸ‡«ğŸ‡·, watched for class, watched in theater",2023-08-22
2024-09-22,The Girl and Her Trust,1912,https://boxd.it/7nqnVf,3.5,,"watched for class, watched in theater",2023-08-24
2024-09-22,A Corner in Wheat,1909,https://boxd.it/7nvOQh,3.5,,"watched for class, watched in theater",2023-08-24
2023-12-20,Modern Times,1936,https://boxd.it/5m2ESp,4.5,,"watched for class, watched in theater",2023-08-29
2023-12-20,La Haine,1995,https://boxd.it/5m2F3d,4,,france ğŸ‡«ğŸ‡·,2023-09-01
2023-12-20,Manchester by the Sea,2016,https://boxd.it/5m2Fat,4,,,2023-09-04
2023-12-20,Mr. Smith Goes to Washington,1939,https://boxd.it/5m2Flh,4,,"watched for class, watched in theater",2023-09-05
2023-12-20,The Lighthouse,2019,https://boxd.it/5m2GhF,4,,wtf cinemaâ“,2023-09-09
2023-12-20,Asteroid City,2023,https://boxd.it/5m2G1R,3,,watched in theater,2023-09-11
2023-12-20,The Philadelphia Story,1940,https://boxd.it/5m2Gvx,3,,"watched for class, watched in theater",2023-09-12
2023-12-20,Double Indemnity,1944,https://boxd.it/5m2H8T,4.5,,"watched for class, watched in theater",2023-09-19
2023-11-21,The Lighthouse,2019,https://boxd.it/5c97Yj,4,Yes,wtf cinemaâ“,2023-09-21
2023-12-20,Back to the Future,1985,https://boxd.it/5m2Hul,5,,watched in theater,2023-09-24
2023-12-20,I Am Not Your Negro,2016,https://boxd.it/5m2HF9,3,,"watched for class, watched in theater",2023-09-26
2023-12-20,Dogtooth,2009,https://boxd.it/5m2HYb,3,,greece ğŸ‡¬ğŸ‡·,2023-10-01
2023-12-20,On the Waterfront,1954,https://boxd.it/5m2IpV,4,,"watched for class, watched in theater",2023-10-03
2023-12-20,Spider-Man: Across the Spider-Verse,2023,https://boxd.it/5m2Je5,4,,"misc. screening, cbm ğŸ’¬",2023-10-06
2023-12-20,Teenage Mutant Ninja Turtles: Mutant Mayhem,2023,https://boxd.it/5m2Jl1,4,,"misc. screening, cbm ğŸ’¬",2023-10-07
2023-12-20,The Wonderful Story of Henry Sugar,2023,https://boxd.it/5m2Ke1,4,,,2023-10-08
2023-12-20,Independence Day,1996,https://boxd.it/5m2JI5,2.5,,"misc. screening, watched for class",2023-10-09
2023-12-20,Poison,2023,https://boxd.it/5m2Kp9,3.5,,,2023-10-09
2023-12-20,Rear Window,1954,https://boxd.it/5m2JPF,5,,"watched for class, watched in theater",2023-10-10
2023-12-20,The Rat Catcher,2023,https://boxd.it/5m2KwT,3,,,2023-10-11
2023-12-20,The Swan,2023,https://boxd.it/5m2KDb,3,,,2023-10-12
2023-12-20,Killers of the Flower Moon,2023,https://boxd.it/5m2OnL,3.5,,watched in theater,2023-10-14
2023-12-20,The Graduate,1967,https://boxd.it/5m2KMd,4.5,Yes,"watched for class, watched in theater",2023-10-17
2023-12-20,Halloween,1978,https://boxd.it/5m2LKd,4,,watched in theater,2023-10-22
2023-12-20,2001: A Space Odyssey,1968,https://boxd.it/5m2LvH,,Yes,"watched for class, watched in theater, wtf cinemaâ“",2023-10-24
2023-12-20,The Shining,1980,https://boxd.it/5m2LTf,3.5,,,2023-10-29
2023-12-20,"It's the Great Pumpkin, Charlie Brown",1966,https://boxd.it/5m2LZx,3.5,,"watched in theater, cbm ğŸ’¬",2023-10-30
2023-12-20,Do the Right Thing,1989,https://boxd.it/5m2Mav,4.5,,"watched for class, watched in theater",2023-10-31
2023-12-20,Breaking the News,2023,https://boxd.it/5m2Mhh,,,"watched in theater, festival",2023-11-02
2023-12-20,Fatih The Conqueror,2023,https://boxd.it/5m2Ms5,2,,"france ğŸ‡«ğŸ‡·, watched in theater, festival",2023-11-02
2023-12-20,Frybread Face and Me,2023,https://boxd.it/5m2MA9,3.5,,"watched in theater, festival",2023-11-02
2023-12-20,Jerry Maguire,1996,https://boxd.it/5m2MHJ,3,,,2023-11-04
2023-12-20,Fight Club,1999,https://boxd.it/5m2MV7,4,,"watched for class, watched in theater",2023-11-07
2023-12-20,Lincoln,2012,https://boxd.it/5m2NaL,4,,"watched for class, watched in theater",2023-11-14
2023-12-20,The Lobster,2015,https://boxd.it/5m2OwN,2.5,,wtf cinemaâ“,2023-11-18
2023-12-18,American Beauty,1999,https://boxd.it/5lvAyJ,5,,,2023-11-19
2023-12-20,Napoleon,2023,https://boxd.it/5m2OPl,3,,watched in theater,2023-11-22
2023-12-20,The Creator,2023,https://boxd.it/5m2OWB,3,,,2023-11-23
2023-12-20,Breathless,1960,https://boxd.it/5m2P3R,2,,france ğŸ‡«ğŸ‡·,2023-11-24
2023-12-20,The Muppet Christmas Carol,1992,https://boxd.it/5m2PkN,4.5,,watched in theater,2023-11-27
2023-12-20,Parasite,2019,https://boxd.it/5m2Qdj,5,,"watched in theater, watched for class, south korea ğŸ‡°ğŸ‡·",2023-11-28
2023-12-20,Oppenheimer,2023,https://boxd.it/5m2xVV,4.5,Yes,misc. screening,2023-12-02
2023-12-20,Everything Everywhere All at Once,2022,https://boxd.it/5m376J,4,Yes,"watched for class, watched in theater",2023-12-05
2023-12-20,Into the Wild,2007,https://boxd.it/5m2RxJ,3.5,,,2023-12-13
2023-12-20,The Man Who Sleeps,1974,https://boxd.it/5m2RJl,1.5,,france ğŸ‡«ğŸ‡·,2023-12-17
2023-12-21,Back to the Future Part II,1989,https://boxd.it/5mDVmT,4,,,2023-12-20
2023-12-22,Back to the Future Part III,1990,https://boxd.it/5mZlRF,3.5,,,2023-12-21
2023-12-23,Nimic,2019,https://boxd.it/5nm3Ht,,,,2023-12-22
2023-12-23,Maestro,2023,https://boxd.it/5npVuf,3,,,2023-12-22
2023-12-25,The Hunger Games: The Ballad of Songbirds & Snakes,2023,https://boxd.it/5opsi9,3.5,,,2023-12-24
2023-12-27,Poor Things,2023,https://boxd.it/5pic5X,5,,watched in theater,2023-12-26
2023-12-27,The Iron Claw,2023,https://boxd.it/5ppm4z,4,,watched in theater,2023-12-26
2023-12-28,Saltburn,2023,https://boxd.it/5q54m5,2.5,,,2023-12-27
2023-12-29,It's a Wonderful Life,1946,https://boxd.it/5qDS2n,4,,,2023-12-28
2023-12-30,Killers of the Flower Moon,2023,https://boxd.it/5r7uI5,3,Yes,,2023-12-29
2023-12-31,Babylon,2022,https://boxd.it/5rQ4Cb,4,,,2023-12-30
2024-01-01,Rogue One: A Star Wars Story,2016,https://boxd.it/5shRhb,5,Yes,,2023-12-31
2024-01-04,Blade Runner,1982,https://boxd.it/5ugCHp,4.5,,,2024-01-03
2024-01-05,Blade Runner 2049,2017,https://boxd.it/5uSd2x,4,,,2024-01-04
2024-01-06,Behold,2023,https://boxd.it/5viSWX,0.5,,,2024-01-05
2024-01-07,The Witch,2015,https://boxd.it/5woJDt,4,,,2024-01-06
2024-01-13,The Big Short,2015,https://boxd.it/5zRA6v,3.5,,misc. screening,2024-01-12
2024-01-27,The Terminator,1984,https://boxd.it/5H3Lo3,3.5,,,2024-01-26
2024-01-30,Whiplash,2014,https://boxd.it/5IKXWr,4.5,,watched in theater,2024-01-29
2024-02-11,Good Time,2017,https://boxd.it/5O9IMV,4,,,2024-02-11
2024-02-16,Kill Bill: Vol. 1,2003,https://boxd.it/5QiVZ5,4,,watched in theater,2024-02-15
2024-02-18,Priscilla,2023,https://boxd.it/5RjS9V,3,,misc. screening,2024-02-17
2024-03-02,Whiplash,2013,https://boxd.it/5XdkQX,4.5,,,2024-03-01
2024-03-03,The Lord of the Rings: The Return of the King,2003,https://boxd.it/5XLW7J,5,Yes,watched in theater,2024-03-02
2024-03-03,Dune,2021,https://boxd.it/5XLY1N,4.5,Yes,,2024-03-02
2024-03-04,Dune: Part Two,2024,https://boxd.it/5Yhsj5,5,,watched in theater,2024-03-03
2024-03-06,The Holdovers,2023,https://boxd.it/5ZhD5d,4.5,,,2024-03-05
2024-03-07,Kill Bill: Vol. 2,2004,https://boxd.it/5ZHEg9,3,,,2024-03-06
2024-03-08,The Zone of Interest,2023,https://boxd.it/605mNR,4.5,,,2024-03-07
2024-03-10,Naked,1993,https://boxd.it/6177e1,4,,,2024-03-09
2024-03-11,Call Me by Your Name,2017,https://boxd.it/61vJzJ,4.5,,,2024-03-10
2024-03-18,Dr. Strangelove or: How I Learned to Stop Worrying and Love the Bomb,1964,https://boxd.it/64UYFp,3.5,,,2024-03-17
2024-03-23,Anyone But You,2023,https://boxd.it/66XqQH,2.5,,misc. screening,2024-03-22
2024-03-24,The Crow,1994,https://boxd.it/67zYGn,5,,cbm ğŸ’¬,2024-03-23
2024-03-25,Doodlebug,1997,https://boxd.it/687RF1,3,,wtf cinemaâ“,2024-03-24
2024-03-29,The Spider Within: A Spider-Verse Story,2023,https://boxd.it/69PAGX,3.5,,,2024-03-28
2024-03-30,Rocky,1976,https://boxd.it/6akk2f,3.5,,misc. screening,2024-03-29
2024-03-31,American Psycho,2000,https://boxd.it/6aV2JJ,4.5,Yes,watched in theater,2024-03-30
2024-04-01,Dune,1984,https://boxd.it/6bsurz,2.5,,,2024-03-31
2024-04-02,Ransom for a Dead Man,1971,https://boxd.it/6c0I4H,3,,watched in theater,2024-04-01
2024-04-08,"Aguirre, the Wrath of God",1972,https://boxd.it/6eFgYx,4,,germany ğŸ‡©ğŸ‡ª,2024-04-07
2024-04-12,Monkey Man,2024,https://boxd.it/6g6Vo9,4,,watched in theater,2024-04-11
2024-04-14,Brothers,2014,https://boxd.it/6gYUBz,,,,2024-04-13
2024-04-14,Enemy,2013,https://boxd.it/6h2oz5,3.5,,canada ğŸ‡¨ğŸ‡¦,2024-04-14
2024-04-15,The Tell-Tale Heart,2008,https://boxd.it/6hnjP5,3,,,2024-04-14
2024-04-15,The Truman Show,1998,https://boxd.it/6hsbTX,4.5,,,2024-04-14
2024-04-20,The Young Girls of Rochefort,1967,https://boxd.it/6jdBZl,4,,france ğŸ‡«ğŸ‡·,2024-04-19
2024-04-21,The Mummy,1932,https://boxd.it/6jFs7Z,3,,,2024-04-20
2024-04-22,Dead Poets Society,1989,https://boxd.it/6k8dCh,5,,,2024-04-21
2024-04-24,LEGO Star Wars Summer Vacation,2022,https://boxd.it/6kSM2P,,,lego ğŸ§±,2024-04-23
2024-04-25,LEGO Star Wars: Revenge of The Brick,2005,https://boxd.it/6lbn3L,3,,lego ğŸ§±,2024-04-24
2024-04-25,LEGO Star Wars: The Quest for R2-D2,2009,https://boxd.it/6lbyeb,4,Yes,lego ğŸ§±,2024-04-24
2024-04-25,LEGO Star Wars: Bombad Bounty,2010,https://boxd.it/6lbKY1,5,Yes,lego ğŸ§±,2024-04-24
2024-04-27,LEGO Star Wars Holiday Special,2020,https://boxd.it/6lUaR9,4,Yes,lego ğŸ§±,2024-04-26
2024-04-27,Hansel and Gretel,2007,https://boxd.it/6lYAQp,3,,,2024-04-26
2024-04-28,Willy Wonka & the Chocolate Factory,1971,https://boxd.it/6muZ4J,5,,misc. screening,2024-04-27
2024-04-30,LEGO Star Wars Terrifying Tales,2021,https://boxd.it/6nm0Tp,2,Yes,lego ğŸ§±,2024-04-29
2024-04-30,Blade Runner: Black Out 2022,2017,https://boxd.it/6noUth,2.5,,,2024-04-29
2024-04-30,2036: Nexus Dawn,2017,https://boxd.it/6noVJF,2.5,,,2024-04-29
2024-04-30,2048: Nowhere to Run,2017,https://boxd.it/6noXgF,3,,,2024-04-29
2024-05-01,Star Wars: The Force Awakens,2015,https://boxd.it/6nMgBX,3.5,Yes,,2024-04-30
2024-05-02,Frankenstein,1931,https://boxd.it/6o8s0N,4.5,Yes,,2024-05-01
2024-05-03,Star Wars: The Last Jedi,2017,https://boxd.it/6oDbEN,3.5,Yes,,2024-05-02
2024-05-04,Star Wars: The Rise of Skywalker,2019,https://boxd.it/6p4tTv,3,Yes,,2024-05-03
2024-05-07,All of This Unreal Time,2021,https://boxd.it/6qxHMF,4,,,2024-05-06
2024-05-08,Star Wars: Episode I â€“ The Phantom Menace,1999,https://boxd.it/6qQbn7,3,Yes,watched in theater,2024-05-07
2024-05-08,The Ministry of Ungentlemanly Warfare,2024,https://boxd.it/6qT0Bt,4.5,,watched in theater,2024-05-07
2024-05-09,The Pit and the Pendulum,1961,https://boxd.it/6rfYm3,4.5,,,2024-05-08
2024-05-10,Dune: Part Two,2024,https://boxd.it/6rBFRZ,5,Yes,,2024-05-09
2024-05-11,The Northman,2022,https://boxd.it/6rXrXD,3.5,,,2024-05-10
2024-05-12,Star Wars,1977,https://boxd.it/6spMIF,4.5,Yes,watched in theater,2024-05-11
2024-05-13,Johnny English,2003,https://boxd.it/6sQOn9,3,,,2024-05-12
2024-05-14,Young Frankenstein,1974,https://boxd.it/6teegp,3.5,,,2024-05-13
2024-05-17,Mad Max,1979,https://boxd.it/6uiElR,3,,,2024-05-16
2024-05-18,Mad Max 2,1981,https://boxd.it/6uEAVZ,4,,,2024-05-17
2024-05-20,Mad Max Beyond Thunderdome,1985,https://boxd.it/6vxmWJ,2.5,,,2024-05-19
2024-05-22,Casablanca,1942,https://boxd.it/6wm8Rn,5,,watched for class,2024-05-21
2024-05-24,Past Lives,2023,https://boxd.it/6x8n2b,4.5,,,2024-05-23
2024-05-26,The Empire Strikes Back,1980,https://boxd.it/6y0jut,5,Yes,watched in theater,2024-05-25
2024-05-27,Mad Max: Fury Road,2015,https://boxd.it/6yte0V,5,Yes,,2024-05-26
2024-05-28,Furiosa: A Mad Max Saga,2024,https://boxd.it/6yLEUh,4,,watched in theater,2024-05-27
2024-05-29,LEGO Star Wars: The Padawan Menace,2011,https://boxd.it/6z6Uyj,4,Yes,lego ğŸ§±,2024-05-28
2024-05-29,An American Werewolf in London,1981,https://boxd.it/6zlLD5,4.5,,,2024-05-28
2024-05-31,Lego Star Wars: The Empire Strikes Out,2012,https://boxd.it/6zS1qv,3.5,Yes,lego ğŸ§±,2024-05-30
2024-05-31,Return of the Jedi,1983,https://boxd.it/6A7qZF,5,Yes,,2024-05-30
2024-06-02,Triangle of Sadness,2022,https://boxd.it/6AWQCf,4,,sweden ğŸ‡¸ğŸ‡ª,2024-06-01
2024-06-03,Psycho,1960,https://boxd.it/6BqgKx,4,,watched for class,2024-06-02
2024-06-04,The Mask,1994,https://boxd.it/6BQE6t,2.5,,cbm ğŸ’¬,2024-06-03
2024-06-05,Godzilla Minus One,2023,https://boxd.it/6CdFZv,4.5,,japan ğŸ‡¯ğŸ‡µ,2024-06-04
2024-06-07,The Mark of Zorro,1940,https://boxd.it/6CVbkZ,4,,,2024-06-06
2024-06-08,The Last Repair Shop,2023,https://boxd.it/6D8yd9,4,,,2024-06-07
2024-06-09,Mission: Impossible â€“ Dead Reckoning,2023,https://boxd.it/6DJjgh,3.5,,,2024-06-08
2024-06-11,Apocalypse Now,1979,https://boxd.it/6EDMmv,4,,,2024-06-10
2024-06-12,The Lego Movie,2014,https://boxd.it/6F15Kd,5,Yes,lego ğŸ§±,2024-06-11
2024-06-13,The Lego Movie 2: The Second Part,2019,https://boxd.it/6FhEi1,4.5,,"lego ğŸ§±, watched in theater",2024-06-12
2024-06-14,Edward Scissorhands,1990,https://boxd.it/6FJE5n,4.5,,watched for class,2024-06-13
2024-06-15,Atonement,2007,https://boxd.it/6G5OU5,3.5,,watched for class,2024-06-14
2024-06-18,He Who Gets Slapped,1924,https://boxd.it/6Hc6sz,3.5,,watched at work,2024-06-17
2024-06-19,City Lights,1931,https://boxd.it/6HHINx,4.5,,watched at work,2024-06-18
2024-06-20,Logan,2017,https://boxd.it/6HYHpj,3,,cbm ğŸ’¬,2024-06-19
2024-06-23,I'm Still Here,2010,https://boxd.it/6J991j,2,,,2024-06-22
2024-06-25,Lolita,1962,https://boxd.it/6K4fHJ,2.5,,,2024-06-24
2024-06-26,The Man Who Laughs,1928,https://boxd.it/6KjOh7,3.5,,watched at work,2024-06-25
2024-06-29,Wings of Desire,1987,https://boxd.it/6LAP6H,3,,germany ğŸ‡©ğŸ‡ª,2024-06-28
2024-06-30,Jaws,1975,https://boxd.it/6M2aYz,4.5,,watched in theater,2024-06-29
2024-07-02,Drive,2011,https://boxd.it/6MSqTf,4.5,,,2024-07-01
2024-07-03,Vertigo,1958,https://boxd.it/6NhvTJ,4,,,2024-07-02
2024-07-04,"Synecdoche, New York",2008,https://boxd.it/6NG1Vl,4,,wtf cinemaâ“,2024-07-03
2024-07-07,The Circus,1928,https://boxd.it/6P1D3d,4,,watched at work,2024-07-06
2024-07-08,Alice in Wonderland,1951,https://boxd.it/6PwNDR,3.5,,,2024-07-07
2024-07-09,The Killing of a Sacred Deer,2017,https://boxd.it/6PXhux,4,,,2024-07-08
2024-07-11,The Immigrant,1917,https://boxd.it/6QR57j,3.5,,watched at work,2024-07-10
2024-07-12,The Fabelmans,2022,https://boxd.it/6R8cgL,4.5,,,2024-07-11
2024-07-14,Man with a Movie Camera,1929,https://boxd.it/6Sa4XF,4.5,,"ussr â˜­, watched at work",2024-07-13
2024-07-15,RoboCop,1987,https://boxd.it/6SDsGV,4.5,,,2024-07-14
2024-07-16,The Fall Guy,2024,https://boxd.it/6T5wM5,3,,,2024-07-15
2024-07-20,Persona,1966,https://boxd.it/6UO5W7,4,,"sweden ğŸ‡¸ğŸ‡ª, wtf cinemaâ“",2024-07-19
2024-07-21,Shoulder Arms,1918,https://boxd.it/6Vl1gd,2.5,,watched at work,2024-07-20
2024-07-22,Metropolis,1927,https://boxd.it/6Vx4TL,,,"germany ğŸ‡©ğŸ‡ª, watched at work",2024-07-21
2024-07-22,Saint Maud,2019,https://boxd.it/6VGKW1,3.5,,,2024-07-21
2024-07-23,Love Lies Bleeding,2024,https://boxd.it/6Wfn0X,4,,,2024-07-22
2024-07-25,Longlegs,2024,https://boxd.it/6X502F,3,,watched in theater,2024-07-24
2024-07-27,Once Upon a Time... in Hollywood,2019,https://boxd.it/6Y4zOV,3,Yes,,2024-07-26
2024-07-28,Taxi Driver,1976,https://boxd.it/6YxUfF,4.5,Yes,,2024-07-27
2024-07-29,Cars,2006,https://boxd.it/6Z2jnJ,5,Yes,,2024-07-28
2024-08-01,Scent of a Woman,1992,https://boxd.it/70jpHj,4.5,,,2024-07-31
2024-08-02,At Eternity's Gate,2018,https://boxd.it/70Hb8n,3.5,,,2024-08-01
2024-08-03,"nothing, except everything.",2023,https://boxd.it/715Cpt,1,,,2024-08-02
2024-08-04,Battleship Potemkin,1925,https://boxd.it/71CBMR,,,"ussr â˜­, watched at work",2024-08-03
2024-08-05,Stop Making Sense,1984,https://boxd.it/7228dv,5,,,2024-08-04
2024-08-06,The Cabinet of Dr. Caligari,1920,https://boxd.it/72uJBF,4,,"germany ğŸ‡©ğŸ‡ª, watched at work",2024-08-05
2024-08-07,Pretty Woman,1990,https://boxd.it/72VcfZ,3.5,,,2024-08-06
2024-08-08,Nosferatu,1922,https://boxd.it/73jQaj,,,"germany ğŸ‡©ğŸ‡ª, watched at work",2024-08-07
2024-08-11,8Â½,1963,https://boxd.it/74qpnN,3.5,,italy ğŸ‡®ğŸ‡¹,2024-08-10
2024-08-12,Taste of Cherry,1997,https://boxd.it/750Ulb,3.5,,iran ğŸ‡®ğŸ‡·,2024-08-11
2024-08-15,The Passion of Joan of Arc,1928,https://boxd.it/76aOVB,,,"france ğŸ‡«ğŸ‡·, watched at work",2024-08-14
2024-08-17,A Dog's Life,1918,https://boxd.it/772jBj,4,,watched at work,2024-08-16
2024-08-18,Faust,1926,https://boxd.it/77zSqr,5,,"germany ğŸ‡©ğŸ‡ª, watched at work",2024-08-17
2024-08-18,Frances Ha,2012,https://boxd.it/77JSsn,2.5,,,2024-08-17
2024-08-19,Sunrise: A Song of Two Humans,1927,https://boxd.it/7836Mf,4.5,,watched at work,2024-08-18
2024-08-24,Crash,1996,https://boxd.it/7ahRcJ,3.5,,canada ğŸ‡¨ğŸ‡¦,2024-08-21
2024-08-24,Fantastic Planet,1973,https://boxd.it/7ahS1n,3.5,,"france ğŸ‡«ğŸ‡·, czechoslovakia ğŸ‡¨ğŸ‡¿",2024-08-22
2024-08-24,Terminator 2: Judgment Day,1991,https://boxd.it/7asXzr,3,,,2024-08-23
2024-08-26,The Nice Guys,2016,https://boxd.it/7bCmkX,3,,,2024-08-25
2024-08-29,Perfect Days,2023,https://boxd.it/7cY5Gl,4.5,,japan ğŸ‡¯ğŸ‡µ,2024-08-28
2024-09-03,The Silence,1963,https://boxd.it/7fc4TT,3,,sweden ğŸ‡¸ğŸ‡ª,2024-09-02
2024-09-04,Matewan,1987,https://boxd.it/7fF29d,3.5,,"watched for class, watched in theater",2024-09-03
2024-09-07,Hollywood Chainsaw Hookers,1988,https://boxd.it/7gRNGr,1.5,,,2024-09-06
2024-09-08,Dirty Dancing,1987,https://boxd.it/7hy8AN,5,Yes,watched in theater,2024-09-07
2024-09-09,Sweet Smell of Success,1957,https://boxd.it/7i5K1d,4.5,,,2024-09-08
2024-09-11,Man Push Cart,2005,https://boxd.it/7iRKDn,3.5,,"watched for class, watched in theater",2024-09-10
2024-09-13,Doodlebug,1997,https://boxd.it/7jBDhV,3,Yes,"watched for class, watched in theater, wtf cinemaâ“",2024-09-12
2024-09-13,Zorns Lemma,1970,https://boxd.it/7jFTLl,,,,2024-09-12
2024-09-14,Beetlejuice,1988,https://boxd.it/7jWyEH,2.5,,,2024-09-13
2024-09-14,The Shape of Water,2017,https://boxd.it/7k7y7b,3.5,,,2024-09-13
2024-09-15,The Godfather,1972,https://boxd.it/7kEMyV,4,,watched in theater,2024-09-14
2024-09-18,Mississippi Masala,1991,https://boxd.it/7lYwpR,4,,"watched for class, watched in theater",2024-09-17
2024-09-20,Dracula,1931,https://boxd.it/7mMF5L,3,,,2024-09-19
2024-09-21,Inside Out,2015,https://boxd.it/7n3qon,4,Yes,,2024-09-20
2024-09-22,Inside Out 2,2024,https://boxd.it/7nJFt7,4,,misc. screening,2024-09-21
2024-09-23,"Monsters, Inc.",2001,https://boxd.it/7o40vj,3.5,,,2024-09-22
2024-09-23,Mike's New Car,2002,https://boxd.it/7of2OJ,2,,,2024-09-22
2024-09-24,Rango,2011,https://boxd.it/7oHVvD,4,Yes,watched in theater,2024-09-23
2024-09-25,Mildred Pierce,1945,https://boxd.it/7oZwRZ,3,,"watched for class, watched in theater",2024-09-24
2024-09-27,Lemon,1969,https://boxd.it/7pNFXn,,,,2024-09-26
2024-09-27,Meshes of the Afternoon,1943,https://boxd.it/7pPkzD,4.5,,wtf cinemaâ“,2024-09-26
2024-09-28,The King of Comedy,1982,https://boxd.it/7q7jE9,4,,,2024-09-27
2024-09-29,Beetlejuice Beetlejuice,2024,https://boxd.it/7qJsmf,2,,watched in theater,2024-09-28
2024-09-30,Joker,2019,https://boxd.it/7rf8o5,3.5,Yes,cbm ğŸ’¬,2024-09-29
2024-10-02,Shanghai Triad,1995,https://boxd.it/7s5tJd,3.5,,"watched for class, china ğŸ‡¨ğŸ‡³, watched in theater",2024-10-01
2024-10-06,Joker: Folie Ã  Deux,2024,https://boxd.it/7u31rJ,2.5,,"watched in theater, cbm ğŸ’¬",2024-10-05
2024-10-08,Eraserhead,1977,https://boxd.it/7v96Gl,5,,wtf cinemaâ“,2024-10-07
2024-10-09,David Lynch Cooks Quinoa,2007,https://boxd.it/7voWcR,,,,2024-10-08
2024-10-09,The Elephant Man,1980,https://boxd.it/7vtMYB,3.5,,"watched for class, watched in theater",2024-10-08
2024-10-11,Deep Red,1975,https://boxd.it/7wgiFx,5,,"italy ğŸ‡®ğŸ‡¹, criterion channel, giallo ğŸ©¸",2024-10-10
2024-10-12,The Bird with the Crystal Plumage,1970,https://boxd.it/7wBVVr,3.5,,"italy ğŸ‡®ğŸ‡¹, criterion channel, giallo ğŸ©¸",2024-10-11
2024-10-12,Suspiria,1977,https://boxd.it/7wHnL5,3.5,,"italy ğŸ‡®ğŸ‡¹, criterion channel",2024-10-11
2024-10-13,Blood and Black Lace,1964,https://boxd.it/7xn4r5,4,,"italy ğŸ‡®ğŸ‡¹, criterion channel, giallo ğŸ©¸",2024-10-12
2024-10-14,Onibaba,1964,https://boxd.it/7y4vCv,3.5,,"japan ğŸ‡¯ğŸ‡µ, criterion channel",2024-10-13
2024-10-16,Layer Cake,2004,https://boxd.it/7yYZMd,4,,"watched for class, watched in theater",2024-10-15
2024-10-17,Sans Soleil,1983,https://boxd.it/7zuC47,,,"criterion channel, france ğŸ‡«ğŸ‡·",2024-10-16
2024-10-18,Junkopia,1981,https://boxd.it/7zTsSB,,,"criterion channel, france ğŸ‡«ğŸ‡·",2024-10-16
2024-10-18,The Favourite,2018,https://boxd.it/7zYP6b,4.5,,,2024-10-17
2024-10-19,The Florida Project,2017,https://boxd.it/7AgoaV,4,,,2024-10-18
2024-10-20,A Nightmare on Elm Street,1984,https://boxd.it/7B0KGh,2.5,,watched in theater,2024-10-19
2024-10-21,The Texas Chain Saw Massacre,1974,https://boxd.it/7BClrH,5,,,2024-10-20
2024-10-23,The Conversation,1974,https://boxd.it/7CzHE7,3.5,,"watched for class, watched in theater",2024-10-22
2024-10-25,Little Women,2019,https://boxd.it/7DwutX,4,,,2024-10-24
2024-10-27,The Wizard of Oz,1939,https://boxd.it/7ExZJ9,3.5,,,2024-10-26
2024-10-28,Mulholland Drive,2001,https://boxd.it/7F0RKL,3.5,,wtf cinemaâ“,2024-10-27
2024-10-30,A Girl Walks Home Alone at Night,2014,https://boxd.it/7G8HTj,2.5,,"watched for class, watched in theater",2024-10-29
2024-11-01,The Rocky Horror Picture Show,1975,https://boxd.it/7Hf27r,2.5,,,2024-10-31
2024-11-02,Anatomy of a Fall,2023,https://boxd.it/7HFCR3,4,,"france ğŸ‡«ğŸ‡·, kanopy",2024-11-01
2024-11-02,The Godfather Part II,1974,https://boxd.it/7HTRib,4.5,,watched in theater,2024-11-01
2024-11-03,The Lighthouse,2019,https://boxd.it/7Ip1UV,5,Yes,wtf cinemaâ“,2024-11-02
2024-11-06,Far from Heaven,2002,https://boxd.it/7K3jT1,2.5,,"watched for class, watched in theater",2024-11-05
2024-11-07,LEGO Star Wars: Bombad Bounty,2010,https://boxd.it/7KsGD1,5,Yes,lego ğŸ§±,2024-11-06
2024-11-07,LEGO Star Wars: The Quest for R2-D2,2009,https://boxd.it/7KsK9z,3.5,Yes,lego ğŸ§±,2024-11-06
2024-11-07,LEGO Star Wars: Revenge of The Brick,2005,https://boxd.it/7KsLqh,2,Yes,lego ğŸ§±,2024-11-06
2024-11-09,Reservoir Dogs,1992,https://boxd.it/7Lcx5r,4,,,2024-11-08
2024-11-13,Afterwards,2023,https://boxd.it/7Np3VB,,,"canada ğŸ‡¨ğŸ‡¦, watched in theater, festival",2024-11-12
2024-11-13,Mediha,2023,https://boxd.it/7Np5oJ,,,"iraq ğŸ‡®ğŸ‡¶, watched in theater, festival",2024-11-12
2024-11-15,LEGO: The Adventures of Clutch Powers,2010,https://boxd.it/7Of5oD,2,Yes,lego ğŸ§±,2024-11-14
2024-11-20,A Hard Day's Night,1964,https://boxd.it/7QSnYF,1.5,,"watched for class, watched in theater",2024-11-19
2024-11-22,La La Land,2016,https://boxd.it/7RTvS7,5,,watched in theater,2024-11-21
2024-11-23,The Kid,1921,https://boxd.it/7Sjecl,3,,watched at work,2024-11-22
2024-11-24,THX 1138,1971,https://boxd.it/7SuP17,3,,,2024-11-23
2024-11-24,Gladiator,2000,https://boxd.it/7SPjsH,4.5,,,2024-11-23
2024-11-25,Gladiator II,2024,https://boxd.it/7TrWlr,2,,watched in theater,2024-11-24
2024-11-28,Ocean Bird (Washup),1974,https://boxd.it/7UR52R,,,misc. screening,2024-11-27
2024-11-28,Untitled: 'Silueta' Sequence No. 1,1978,https://boxd.it/7UR6sr,,,misc. screening,2024-11-27
2024-12-01,Kinds of Kindness,2024,https://boxd.it/7Wsp0z,2.5,,,2024-11-30
2024-12-02,Fargo,1996,https://boxd.it/7X7h7J,3.5,,,2024-12-01
2024-12-05,Citizen Kane,1941,https://boxd.it/7Yj3zn,4,Yes,"watched for class, watched in theater",2024-12-03
2024-12-06,In a Violent Nature,2024,https://boxd.it/7YVSG1,3,,,2024-12-05
2024-12-07,Purple Noon,1960,https://boxd.it/7Zcqcr,4,,"france ğŸ‡«ğŸ‡·, kanopy",2024-12-06
2024-12-07,The Holdovers,2023,https://boxd.it/7Zlk9T,4.5,Yes,watched in theater,2024-12-06
2024-12-09,The Apprentice,2024,https://boxd.it/80ycor,4,,,2024-12-08
2024-12-11,La Haine,1995,https://boxd.it/81vP9N,4.5,Yes,"watched for class, france ğŸ‡«ğŸ‡·, watched in theater",2024-12-10
2024-12-11,The Star Wars Holiday Special,1978,https://boxd.it/81wEIp,1,,misc. screening,2024-12-10
2024-12-12,The Story of the Faithful Wookiee,1978,https://boxd.it/81L3KD,1,,misc. screening,2024-12-10
2024-12-14,The Nightmare Before Christmas,1993,https://boxd.it/82Gzu7,3.5,,,2024-12-13
2024-12-19,Pulp Fiction,1994,https://boxd.it/85wJCx,3,,,2024-12-18
2024-12-20,Eyes Wide Shut,1999,https://boxd.it/865m8p,4.5,Yes,,2024-12-19
2024-12-21,Aftersun,2022,https://boxd.it/86u3iP,3.5,,,2024-12-20
2024-12-21,The Last Laugh,1924,https://boxd.it/86LL7P,3.5,,"germany ğŸ‡©ğŸ‡ª, watched at work",2024-12-20
2024-12-23,The Batman,2022,https://boxd.it/87FL0r,4.5,Yes,"watched on a plane, cbm ğŸ’¬",2024-12-21
2024-12-23,The Suicide Squad,2021,https://boxd.it/87FVah,2.5,,"watched on a plane, cbm ğŸ’¬",2024-12-22
2024-12-23,Elvis: The '68 Comeback Special,1968,https://boxd.it/87Gbh9,,,watched on a plane,2024-12-22
2024-12-23,Dream Scenario,2023,https://boxd.it/87GsNB,3,,watched on a plane,2024-12-22
2024-12-23,The Lego Batman Movie,2017,https://boxd.it/8840Yp,3.5,,"lego ğŸ§±, watched on a plane, cbm ğŸ’¬",2024-12-22
2024-12-23,Sing Sing,2023,https://boxd.it/8847vf,4,,watched on a plane,2024-12-23
2024-12-23,Ghostbusters,1984,https://boxd.it/885fRb,3.5,,watched on a plane,2024-12-23
2024-12-25,A Charlie Brown Christmas,1965,https://boxd.it/89yyB9,4,,cbm ğŸ’¬,2024-12-25
2024-12-26,The Lord of the Rings: The War of the Rohirrim,2024,https://boxd.it/89Ntct,3.5,,watched in theater,2024-12-25
2024-12-27,The Hobbit,1977,https://boxd.it/8aODJj,2,,,2024-12-26
2024-12-27,The Lord of the Rings,1978,https://boxd.it/8bx353,2.5,,,2024-12-27
2024-12-28,The Return of the King,1980,https://boxd.it/8bB2zT,1.5,,,2024-12-27
2024-12-30,Paterson,2016,https://boxd.it/8emSOX,3.5,,,2024-12-30
2025-01-01,The Holdovers,2023,https://boxd.it/8fsGwN,5,Yes,,2025-01-01
2025-01-02,Stop Making Sense,1984,https://boxd.it/8gaQ0F,5,Yes,,2025-01-01
2025-01-02,True Stories,1986,https://boxd.it/8h9QJ3,4,,,2025-01-02
2025-01-03,Lessons of Darkness,1992,https://boxd.it/8i0Cmb,4.5,,germany ğŸ‡©ğŸ‡ª,2025-01-03
2025-01-05,Hotel Chevalier,2007,https://boxd.it/8jna3F,,Yes,,2025-01-04
2025-01-05,The Darjeeling Limited,2007,https://boxd.it/8jnRMj,3.5,Yes,,2025-01-04
2025-01-06,Barry Lyndon,1975,https://boxd.it/8kp7Bd,5,,,2025-01-05
2025-01-06,Nosferatu,1922,https://boxd.it/8lq5XH,4,Yes,"germany ğŸ‡©ğŸ‡ª, â­ nosfera-tour",2025-01-06
2025-01-08,Nosferatu the Vampyre,1979,https://boxd.it/8mlaLb,3.5,,"germany ğŸ‡©ğŸ‡ª, â­ nosfera-tour",2025-01-07
2025-01-09,Shadow of the Vampire,2000,https://boxd.it/8o2sz3,3.5,,â­ nosfera-tour,2025-01-09
2025-01-10,Singin' in the Rain,1952,https://boxd.it/8oY82z,5,,watched on a plane,2025-01-10
2025-01-10,Prisoners,2013,https://boxd.it/8oYa2h,4,,watched on a plane,2025-01-10
2025-01-10,Blade Runner,1982,https://boxd.it/8oYLad,3.5,Yes,watched on a plane,2025-01-10
2025-01-11,Solo: A Star Wars Story,2018,https://boxd.it/8pKTHZ,3,Yes,watched on a plane,2025-01-10
2025-01-11,Moneyball,2011,https://boxd.it/8pLePl,4,,watched on a plane,2025-01-10
2025-01-11,The Iron Claw,2023,https://boxd.it/8pLrVh,3.5,Yes,watched on a plane,2025-01-10
2025-01-11,Civil War,2024,https://boxd.it/8pMukP,3,,watched on a plane,2025-01-10
2025-01-12,Babygirl,2024,https://boxd.it/8qNDXn,2.5,,watched in theater,2025-01-11
2025-01-12,Nosferatu,2024,https://boxd.it/8r9hgl,4.5,,"watched in theater, â­ nosfera-tour",2025-01-11
2025-01-16,Wavelength,1967,https://boxd.it/8utyah,,,canada ğŸ‡¨ğŸ‡¦,2025-01-15
2025-01-17,Side by Side,2012,https://boxd.it/8uWoLF,,,watched for class,2025-01-16
2025-01-18,Nosferatu: A Symphony of Horror,2023,https://boxd.it/8vCgDd,2,,"kanopy, â­ nosfera-tour",2025-01-17
2025-01-18,GoodFellas,1990,https://boxd.it/8w5Qhl,3.5,,watched in theater,2025-01-17
2025-01-19,Six Men Getting Sick,1967,https://boxd.it/8wLjav,,,"criterion channel, â­ celebrating lynch",2025-01-18
2025-01-19,Wild at Heart,1990,https://boxd.it/8wN4oh,3,,â­ celebrating lynch,2025-01-18
2025-01-20,Lost Highway,1997,https://boxd.it/8xLqh3,3,,"â­ celebrating lynch, criterion channel, wtf cinemaâ“",2025-01-19
2025-01-21,The Grandmother,1970,https://boxd.it/8y9heH,,,"â­ celebrating lynch, criterion channel, wtf cinemaâ“",2025-01-20
2025-01-21,The Amputee,1974,https://boxd.it/8ydWwZ,,,"â­ celebrating lynch, criterion channel",2025-01-20
2025-01-21,The Alphabet,1969,https://boxd.it/8ye1ZH,,,"â­ celebrating lynch, criterion channel, wtf cinemaâ“",2025-01-20
2025-01-21,Inland Empire,2006,https://boxd.it/8yEaSH,3,,"â­ celebrating lynch, criterion channel, wtf cinemaâ“",2025-01-20
2025-01-24,Mishima: A Life in Four Chapters,1985,https://boxd.it/8Au009,4.5,,"criterion channel, japan ğŸ‡¯ğŸ‡µ",2025-01-23
2025-01-25,Premonitions Following an Evil Deed,1995,https://boxd.it/8B6E2l,,,"â­ celebrating lynch, criterion channel",2025-01-24
2025-01-25,Peeping Tom,1960,https://boxd.it/8B6Emv,4,,criterion channel,2025-01-24
2025-01-26,Possession,1981,https://boxd.it/8C5PV9,3.5,,"france ğŸ‡«ğŸ‡·, germany ğŸ‡©ğŸ‡ª, kanopy, wtf cinemaâ“",2025-01-25
2025-01-28,Eraserhead,1977,https://boxd.it/8DFu6Z,5,Yes,"â­ celebrating lynch, kanopy, wtf cinemaâ“",2025-01-27
2025-01-31,David Lynch: The Art Life,2016,https://boxd.it/8FMCxB,3.5,,"â­ celebrating lynch, criterion channel",2025-01-30
2025-01-31,All That Jazz,1979,https://boxd.it/8G3Bp1,4.5,,tubi,2025-01-30
2025-02-01,Punch-Drunk Love,2002,https://boxd.it/8GldsB,3.5,,kanopy,2025-01-31
2025-02-02,The Brutalist,2024,https://boxd.it/8HlCUT,4,,watched in theater,2025-02-01
2025-02-05,Inception,2010,https://boxd.it/8Jubxz,4.5,,,2025-02-04
2025-02-07,No Country for Old Men,2007,https://boxd.it/8KB7Jz,4,,kanopy,2025-02-06
2025-02-07,Grizzly Man,2005,https://boxd.it/8KQrWN,3.5,,"â­ herzog expedition, tubi",2025-02-06
2025-02-09,Anora,2024,https://boxd.it/8M2GDp,4,,watched in theater,2025-02-08
2025-02-09,The Lord of the Rings: The Fellowship of the Ring,2001,https://boxd.it/8MmTIn,4.5,Yes,watched in theater,2025-02-08
2025-02-10,Sometimes I Think About Dying,2023,https://boxd.it/8N24gL,4.5,,mubi,2025-02-09
2025-02-12,Asparagus,1979,https://boxd.it/8NSJq7,,,"mubi, wtf cinemaâ“",2025-02-11
2025-02-12,Beauty Is Not a Sin,2024,https://boxd.it/8NSL1t,1.5,,"mubi, denmark ğŸ‡©ğŸ‡°, italy ğŸ‡®ğŸ‡¹",2025-02-11
2025-02-12,The Substance,2024,https://boxd.it/8O06av,4,,"mubi, wtf cinemaâ“",2025-02-11
2025-02-14,Captain America: Brave New World,2025,https://boxd.it/8Pmn3J,2.5,,"cbm ğŸ’¬, watched in theater",2025-02-13
2025-02-15,Woyzeck,1979,https://boxd.it/8PB10N,2.5,,"â­ herzog expedition, germany ğŸ‡©ğŸ‡ª, tubi",2025-02-14
2025-02-16,Fitzcarraldo,1982,https://boxd.it/8QsrCz,3.5,,"â­ herzog expedition, germany ğŸ‡©ğŸ‡ª, tubi",2025-02-15
2025-02-17,Portrait of a Lady on Fire,2019,https://boxd.it/8RgSzd,4.5,,"france ğŸ‡«ğŸ‡·, kanopy",2025-02-16
2025-02-18,Echoes from a Sombre Empire,1990,https://boxd.it/8SjAF3,,,"â­ herzog expedition, germany ğŸ‡©ğŸ‡ª, france ğŸ‡«ğŸ‡·, tubi",2025-02-17
2025-02-20,God's Angry Man,1981,https://boxd.it/8Tf9BJ,,,"â­ herzog expedition, germany ğŸ‡©ğŸ‡ª, tubi",2025-02-19
2025-02-20,La SoufriÃ¨re: Waiting for an Inevitable Catastrophe,1977,https://boxd.it/8TqL0j,,,"â­ herzog expedition, germany ğŸ‡©ğŸ‡ª, tubi",2025-02-19
2025-02-22,Conclave,2024,https://boxd.it/8UGCDR,3.5,,,2025-02-20
2025-02-22,Pink Floyd: The Wall,1982,https://boxd.it/8UHLvT,,,"watched in theater, wtf cinemaâ“",2025-02-21
2025-02-27,Ryuichi Sakamoto: Coda,2017,https://boxd.it/8XKwrZ,,,mubi,2025-02-26
2025-02-28,Cobra Verde,1987,https://boxd.it/8YfY89,3.5,,"â­ herzog expedition, germany ğŸ‡©ğŸ‡ª, tubi",2025-02-27
2025-02-28,Mickey 17,2025,https://boxd.it/8YtLJJ,3.5,,watched in theater,2025-02-27
2025-03-01,Se7en,1995,https://boxd.it/8Z5MG3,5,,watched in theater,2025-02-28
2025-03-02,My Best Fiend,1999,https://boxd.it/8ZzHr3,4,,"â­ herzog expedition, germany ğŸ‡©ğŸ‡ª, tubi",2025-03-01
2025-03-03,Little Dieter Needs to Fly,1997,https://boxd.it/90epzZ,4,,"â­ herzog expedition, tubi",2025-03-02
2025-03-04,Red Rocket,2021,https://boxd.it/917yVF,4,,tubi,2025-03-03
2025-03-07,The Lord of the Rings: The Two Towers,2002,https://boxd.it/92W8K3,5,Yes,,2025-03-06
2025-03-09,Grand Theft Hamlet,2024,https://boxd.it/94cpl1,2,,"misc. screening, mubi",2025-03-08
2025-03-09,The Lord of the Rings: The Return of the King,2003,https://boxd.it/94pTl7,5,Yes,watched in theater,2025-03-08
2025-03-10,Rashomon,1950,https://boxd.it/94QgQ5,3.5,,"â­ kurosawa logs, japan ğŸ‡¯ğŸ‡µ, misc. screening, kanopy",2025-03-09
2025-03-10,The Wolf Man,1941,https://boxd.it/954d41,3,Yes,,2025-03-09
2025-03-11,Ikiru,1952,https://boxd.it/95HWp7,4,,"â­ kurosawa logs, japan ğŸ‡¯ğŸ‡µ, kanopy",2025-03-10
2025-03-12,Seven Samurai,1954,https://boxd.it/96ewMF,4.5,,"â­ kurosawa logs, japan ğŸ‡¯ğŸ‡µ, misc. screening, kanopy",2025-03-11
2025-03-13,Throne of Blood,1957,https://boxd.it/96L6jD,4.5,,"â­ kurosawa logs, japan ğŸ‡¯ğŸ‡µ, kanopy",2025-03-12
2025-03-14,Werewolf by Night,2022,https://boxd.it/971ddJ,3.5,Yes,cbm ğŸ’¬,2025-03-12
2025-03-14,Satantango,1994,https://boxd.it/97cvmh,4,,"hungary ğŸ‡­ğŸ‡º, misc. screening, kanopy",2025-03-13
2025-03-15,Ran,1985,https://boxd.it/97JZGR,4,,"â­ kurosawa logs, japan ğŸ‡¯ğŸ‡µ, misc. screening, kanopy",2025-03-14
2025-03-16,Dreams,1990,https://boxd.it/98reIz,4,,"â­ kurosawa logs, japan ğŸ‡¯ğŸ‡µ",2025-03-15
2025-03-17,The Fall,2006,https://boxd.it/99mczJ,4.5,,mubi,2025-03-16
2025-03-18,Dogville,2003,https://boxd.it/99TqAR,4.5,,"denmark ğŸ‡©ğŸ‡°, mubi",2025-03-17
2025-03-19,Werewolf of London,1935,https://boxd.it/9ah00L,2,,,2025-03-18
2025-03-20,Drunken Angel,1948,https://boxd.it/9aQaIX,4,,"â­ kurosawa logs, japan ğŸ‡¯ğŸ‡µ",2025-03-19
2025-03-21,Hundreds of Beavers,2022,https://boxd.it/9bubWV,4,,tubi,2025-03-20
2025-03-21,The Idiots,1998,https://boxd.it/9buc83,4,,"denmark ğŸ‡©ğŸ‡°, mubi",2025-03-20
2025-03-22,The Night of the Hunter,1955,https://boxd.it/9bNLZ5,4,,tubi,2025-03-21
2025-03-23,On the Silver Globe,1988,https://boxd.it/9cGWd7,,,"poland ğŸ‡µğŸ‡±, wtf cinemaâ“",2025-03-22
2025-03-24,Burning,2018,https://boxd.it/9doND9,4,,"south korea ğŸ‡°ğŸ‡·, mubi",2025-03-23
2025-03-25,F for Fake,1973,https://boxd.it/9dXlhJ,4.5,,"france ğŸ‡«ğŸ‡·, kanopy, wtf cinemaâ“",2025-03-24
2025-03-27,The Master,2012,https://boxd.it/9eQmFH,4.5,Yes,tubi,2025-03-26
2025-03-28,The Boondock Saints,1999,https://boxd.it/9fgJ05,3,,tubi,2025-03-27
2025-03-29,The Conformist,1970,https://boxd.it/9fReiB,3,,"italy ğŸ‡®ğŸ‡¹, kanopy",2025-03-28
2025-03-30,Sherlock Jr.,1924,https://boxd.it/9gnJR7,4.5,,watched at work,2025-03-29
2025-03-30,The Big Lebowski,1998,https://boxd.it/9gFDlP,3.5,,watched in theater,2025-03-29
2025-03-31,Crumb,1994,https://boxd.it/9hlNet,4.5,,tubi,2025-03-30
2025-04-02,Lolita,1997,https://boxd.it/9ifopN,3,,tubi,2025-04-01
2025-04-03,An American Werewolf in London,1981,https://boxd.it/9iIYXp,4,Yes,tubi,2025-04-02
2025-04-04,The Eve of Ivan Kupalo,1968,https://boxd.it/9jaYcJ,,,"ussr â˜­, wtf cinemaâ“",2025-04-03
2025-04-05,Hansel and Gretel,2007,https://boxd.it/9jKxXZ,2,Yes,,2025-04-04
2025-04-05,Nosferatu,2024,https://boxd.it/9jYUhF,4.5,Yes,misc. screening,2025-04-04
2025-04-09,Vampyr,1932,https://boxd.it/9ma1S9,2.5,,germany ğŸ‡©ğŸ‡ª,2025-04-08
2025-04-10,Maurice's Bar,2023,https://boxd.it/9myuh5,,,"france ğŸ‡«ğŸ‡·, mubi",2025-04-09
2025-04-10,Fallen Leaves,2023,https://boxd.it/9mFBvx,3,,"finland ğŸ‡«ğŸ‡®, mubi",2025-04-09
2025-04-11,The Cutting Edge: The Magic of Movie Editing,2004,https://boxd.it/9n6z2n,,,watched for class,2025-04-10
2025-04-12,There Will Be Blood,2007,https://boxd.it/9nDj65,5,Yes,kanopy,2025-04-11
2025-04-12,Interstellar,2014,https://boxd.it/9nTclz,4,Yes,watched in theater,2025-04-11
2025-04-14,Svengali,1931,https://boxd.it/9p6DCd,2.5,,,2025-04-12
2025-04-14,"Paris, Texas",1984,https://boxd.it/9p6E2Z,4.5,,criterion channel,2025-04-13
2025-04-15,American Psycho,2000,https://boxd.it/9pCzlV,4.5,Yes,,2025-04-14
2025-04-16,Buffalo '66,1998,https://boxd.it/9q1Vd5,3.5,,tubi,2025-04-15
2025-04-17,Making Waves: The Art of Cinematic Sound,2019,https://boxd.it/9qyhGR,,,watched for class,2025-04-16
2025-04-17,Rogue One: A Star Wars Story,2016,https://boxd.it/9qKyBt,4,Yes,misc. screening,2025-04-16
2025-04-18,Muse,2025,https://boxd.it/9r3qjz,,,"poland ğŸ‡µğŸ‡±, mubi",2025-04-17
2025-04-18,Monster,2023,https://boxd.it/9r3qzR,4.5,,"japan ğŸ‡¯ğŸ‡µ, mubi",2025-04-17
2025-04-20,Star Wars: Episode I â€“ The Phantom Menace,1999,https://boxd.it/9su8pR,3,Yes,,2025-04-19
2025-04-21,Star Wars: Episode II â€“Â Attack of the Clones,2002,https://boxd.it/9ttHtV,3,Yes,watched in theater,2025-04-20
2025-04-22,McCabe & Mrs. Miller,1971,https://boxd.it/9tWwUJ,4,,kanopy,2025-04-21
2025-04-22,M.A.Y.A.,2024,https://boxd.it/9ub0lx,,,"watched in theater, festival",2025-04-21
2025-04-25,Django Unchained,2012,https://boxd.it/9vD0nN,4,Yes,,2025-04-24
2025-04-26,Valparaiso,1963,https://boxd.it/9waVj5,4,,"chile ğŸ‡¨ğŸ‡±, france ğŸ‡«ğŸ‡·, mubi",2025-04-25
2025-04-27,Challengers,2024,https://boxd.it/9wJdrT,3.5,,,2025-04-26
2025-04-27,Boro in the Box,2011,https://boxd.it/9wW5et,5,,"wtf cinemaâ“, france ğŸ‡«ğŸ‡·, mubi",2025-04-26
2025-04-28,Star Wars: Episode III â€“Â Revenge of the Sith,2005,https://boxd.it/9xCvlf,3.5,,watched in theater,2025-04-27
2025-04-28,Sinners,2025,https://boxd.it/9xIldn,4.5,,watched in theater,2025-04-27
2025-04-29,Nightcrawler,2014,https://boxd.it/9y6nSZ,4.5,Yes,kanopy,2025-04-28
2025-04-30,"Family Romance, LLC",2019,https://boxd.it/9yxsNf,2,,mubi,2025-04-29
2025-05-01,World of Glory,1991,https://boxd.it/9z1z1H,,,"sweden ğŸ‡¸ğŸ‡ª, mubi",2025-04-30
2025-05-01,The Long Goodbye,1973,https://boxd.it/9z1Iid,4,,tubi,2025-04-30
2025-05-02,Grand Tour,2024,https://boxd.it/9zMfAh,3,,"portugal ğŸ‡µğŸ‡¹, italy ğŸ‡®ğŸ‡¹, mubi",2025-05-01
2025-05-04,Tripping with Nils Frahm,2020,https://boxd.it/9B1nVB,,,"germany ğŸ‡©ğŸ‡ª, mubi",2025-05-02
2025-05-04,Star Wars,1977,https://boxd.it/9B1odP,4.5,Yes,,2025-05-03
2025-05-05,The Empire Strikes Back,1980,https://boxd.it/9BON4L,5,Yes,,2025-05-04
2025-05-07,Lux Ã†terna,2019,https://boxd.it/9CWFs1,3,,"france ğŸ‡«ğŸ‡·, mubi",2025-05-06
2025-05-07,Return of the Jedi,1983,https://boxd.it/9CWFHl,4.5,Yes,,2025-05-06
2025-05-09,Solaris,1972,https://boxd.it/9DYzxH,3.5,,"â­ sculpting in time, ussr â˜­",2025-05-08
2025-05-11,The Killers,1956,https://boxd.it/9ENHrz,,,"â­ sculpting in time, ussr â˜­",2025-05-09
2025-05-11,There Will Be No Leave Today,1959,https://boxd.it/9ENSu5,,,"â­ sculpting in time, ussr â˜­",2025-05-09
2025-05-11,The Steamroller and the Violin,1961,https://boxd.it/9EO4aV,,,"â­ sculpting in time, ussr â˜­",2025-05-09
2025-05-11,Ivan's Childhood,1962,https://boxd.it/9EOzKv,5,,"â­ sculpting in time, ussr â˜­, kanopy",2025-05-10
2025-05-11,Sinners,2025,https://boxd.it/9F9HeT,4,Yes,watched in theater,2025-05-10
2025-05-13,Andrei Rublev,1966,https://boxd.it/9Gksp9,,,"â­ sculpting in time, ussr â˜­",2025-05-12
2025-05-14,Mirror,1975,https://boxd.it/9GHqd7,,,"â­ sculpting in time, wtf cinemaâ“, ussr â˜­, misc. screening, kanopy",2025-05-13
2025-05-16,The Seventh Seal,1957,https://boxd.it/9HQdr3,4,,"sweden ğŸ‡¸ğŸ‡ª, kanopy",2025-05-15
2025-05-18,High Noon,1952,https://boxd.it/9IKaaF,3.5,,,2025-05-17
2025-05-18,The Golem: How He Came Into the World,1920,https://boxd.it/9IZWLf,4,,"watched at work, germany ğŸ‡©ğŸ‡ª",2025-05-17
2025-05-19,Princess Mononoke,1997,https://boxd.it/9JLyBL,4,,"watched in theater, japan ğŸ‡¯ğŸ‡µ",2025-05-18
2025-05-20,Stalker,1979,https://boxd.it/9K9AlD,4,,"â­ sculpting in time, ussr â˜­, kanopy",2025-05-19
2025-05-21,Nostalgia,1983,https://boxd.it/9KT8BP,4.5,,"â­ sculpting in time, italy ğŸ‡®ğŸ‡¹, ussr â˜­, kanopy",2025-05-20
2025-05-23,Voyage in Time,1983,https://boxd.it/9LCWo7,,,"â­ sculpting in time, italy ğŸ‡®ğŸ‡¹, ussr â˜­",2025-05-22
2025-05-25,The Sacrifice,1986,https://boxd.it/9N2qfD,4.5,,"â­ sculpting in time, wtf cinemaâ“, sweden ğŸ‡¸ğŸ‡ª, kanopy",2025-05-24
2025-05-26,Sunrise: A Song of Two Humans,1927,https://boxd.it/9Ny1QN,4.5,Yes,watched at work,2025-05-25
2025-05-26,Behind Convent Walls,1978,https://boxd.it/9O1vxJ,2,,"italy ğŸ‡®ğŸ‡¹, kanopy",2025-05-25
2025-05-28,The Cremator,1969,https://boxd.it/9Pjodn,4.5,,"wtf cinemaâ“, czechoslovakia ğŸ‡¨ğŸ‡¿, kanopy",2025-05-27
2025-05-29,Spies,1928,https://boxd.it/9PFTsH,3,,"watched at work, germany ğŸ‡©ğŸ‡ª",2025-05-28
2025-05-29,The Hangover Part II,2011,https://boxd.it/9PW6tv,2.5,,,2025-05-28
2025-05-30,The Birth of a Nation,1915,https://boxd.it/9QxERF,,,watched at work,2025-05-29
2025-06-01,Crash,1996,https://boxd.it/9Rvgtz,4,Yes,canada ğŸ‡¨ğŸ‡¦,2025-05-31
2025-06-02,Titane,2021,https://boxd.it/9SrxMT,3,,"france ğŸ‡«ğŸ‡·, tubi",2025-06-01
2025-06-03,Au Revoir les Enfants,1987,https://boxd.it/9T6cwH,4,,"watched for class, france ğŸ‡«ğŸ‡·, kanopy",2025-06-02
2025-06-04,Shadows of Forgotten Ancestors,1965,https://boxd.it/9TGvzH,,,ussr â˜­,2025-06-03
2025-06-06,A Spring for the Thirsty,1965,https://boxd.it/9UBzwB,,,ussr â˜­,2025-06-05
2025-06-08,The Face of Another,1966,https://boxd.it/9W57Mv,5,,japan ğŸ‡¯ğŸ‡µ,2025-06-07
2025-06-09,Cousin Ben Troop Screening,2012,https://boxd.it/9WHWzt,,,,2025-06-08
2025-06-09,Moonrise Kingdom,2012,https://boxd.it/9WHX4B,3.5,,,2025-06-08
2025-06-10,The Color of Pomegranates,1969,https://boxd.it/9Xo1t5,4,,"wtf cinemaâ“, ussr â˜­",2025-06-09
2025-06-11,Bottle Rocket,1996,https://boxd.it/9XYAG1,4,,kanopy,2025-06-10
2025-06-12,The Grand Budapest Hotel,2014,https://boxd.it/9YjvNt,4.5,Yes,,2025-06-11
2025-06-13,Chinatown,1974,https://boxd.it/9Zadn9,4,,watched in theater,2025-06-12
2025-06-15,The French Dispatch,2021,https://boxd.it/a0jpBf,5,Yes,,2025-06-14
2025-06-16,Past Lives,2023,https://boxd.it/a0IZlH,4,Yes,,2025-06-15
2025-06-17,Black Girl,1966,https://boxd.it/a1Loih,3.5,,"watched for class, senegal ğŸ‡¸ğŸ‡³, france ğŸ‡«ğŸ‡·, kanopy",2025-06-16
2025-06-18,Materialists,2025,https://boxd.it/a2hWwL,3.5,,watched in theater,2025-06-17
2025-06-20,The Devil,1972,https://boxd.it/a3t7mX,3.5,,"wtf cinemaâ“, poland ğŸ‡µğŸ‡±",2025-06-19
2025-06-22,Roma,1972,https://boxd.it/a4Ku6V,,,italy ğŸ‡®ğŸ‡¹,2025-06-21
2025-06-23,La Chimera,2023,https://boxd.it/a5sv3V,4,,"italy ğŸ‡®ğŸ‡¹, kanopy",2025-06-22
2025-06-25,The Phoenician Scheme,2025,https://boxd.it/a6YtOD,2.5,,watched in theater,2025-06-24
2025-06-27,Days of Heaven,1978,https://boxd.it/a85y8F,3,,kanopy,2025-06-26
2025-06-28,Vivre Sa Vie,1962,https://boxd.it/a8LLJX,2.5,,"france ğŸ‡«ğŸ‡·, kanopy",2025-06-27
2025-06-29,Outer Space,1999,https://boxd.it/a9ETV3,4.5,,"wtf cinemaâ“, austria ğŸ‡¦ğŸ‡¹, mubi",2025-06-28
2025-06-29,Dream Work,2001,https://boxd.it/a9F0dd,4,,"wtf cinemaâ“, austria ğŸ‡¦ğŸ‡¹, mubi",2025-06-28
2025-06-29,Instructions for a Light and Sound Machine,2005,https://boxd.it/a9F1ZR,,,"wtf cinemaâ“, austria ğŸ‡¦ğŸ‡¹, mubi",2025-06-28
2025-06-29,Train Again,2021,https://boxd.it/a9F4qb,,,"austria ğŸ‡¦ğŸ‡¹, mubi",2025-06-28
2025-06-30,Carol,2015,https://boxd.it/aa1f7X,4.5,,mubi,2025-06-29
2025-07-01,The Battle of Algiers,1966,https://boxd.it/ab2N5n,4.5,,"watched for class, italy ğŸ‡®ğŸ‡¹, algeria ğŸ‡©ğŸ‡¿, kanopy",2025-06-30
2025-07-03,F1,2025,https://boxd.it/acodqH,2.5,,watched in theater,2025-07-02
2025-07-04,A Short Story,2022,https://boxd.it/acVEB9,,,"china ğŸ‡¨ğŸ‡³, mubi",2025-07-03
2025-07-04,Living Still Life,2012,https://boxd.it/acVGb3,,,"france ğŸ‡«ğŸ‡·, mubi",2025-07-03
2025-07-04,The Living End,1992,https://boxd.it/acVIFf,3,,mubi,2025-07-03
2025-07-06,The Doom Generation,1995,https://boxd.it/aep6YR,4,,kanopy,2025-07-05
2025-07-07,Nowhere,1997,https://boxd.it/aeM4h3,3.5,,kanopy,2025-07-06
2025-07-08,The Trial,1962,https://boxd.it/afSNux,3.5,,"tubi, france ğŸ‡«ğŸ‡·, germany ğŸ‡©ğŸ‡ª, italy ğŸ‡®ğŸ‡¹",2025-07-07
2025-07-10,Totally F***ed Up,1993,https://boxd.it/ahgRkt,,,mubi,2025-07-09
2025-07-11,The Black Cat,1934,https://boxd.it/ai2MTz,2.5,,,2025-07-10
2025-07-13,Something in the Air,2012,https://boxd.it/ajtjuD,3,,"watched for class, france ğŸ‡«ğŸ‡·",2025-07-12
2025-07-14,Superman,1978,https://boxd.it/aklhT5,3.5,,cbm ğŸ’¬,2025-07-13
2025-07-15,Superman II: The Richard Donner Cut,2006,https://boxd.it/akPu7t,3,,cbm ğŸ’¬,2025-07-14
2025-07-16,Superman,2025,https://boxd.it/alL8Wv,3,,"watched in theater, cbm ğŸ’¬",2025-07-15
2025-07-17,Hardcore,1979,https://boxd.it/amlqVn,3.5,,tubi,2025-07-16
2025-07-18,Amadeus,1984,https://boxd.it/annoYd,4.5,,tubi,2025-07-17
2025-07-19,Full Metal Jacket,1987,https://boxd.it/ao4IoZ,5,,watched in theater,2025-07-18
2025-07-22,Twin Peaks: Fire Walk with Me,1992,https://boxd.it/aqpBrH,3,,,2025-07-21
2025-07-23,Time to Love,1965,https://boxd.it/ar89LJ,4,,"tÃ¼rkiye ğŸ‡¹ğŸ‡·, mubi, profile",2025-07-22
2025-07-24,Rocco and His Brothers,1960,https://boxd.it/as91fB,4,,"italy ğŸ‡®ğŸ‡¹, kanopy",2025-07-23
2025-07-25,The 400 Blows,1959,https://boxd.it/asRFrZ,3.5,,"watched for class, france ğŸ‡«ğŸ‡·, kanopy",2025-07-24
2025-07-27,Porco Rosso,1992,https://boxd.it/aurnJn,4,,"watched in theater, japan ğŸ‡¯ğŸ‡µ",2025-07-26
2025-07-28,Fatima,2015,https://boxd.it/avBvSh,2.5,,"watched for class, france ğŸ‡«ğŸ‡·",2025-07-27
2025-07-28,Faust,1926,https://boxd.it/avBwCf,4.5,Yes,"watched at work, germany ğŸ‡©ğŸ‡ª",2025-07-27
2025-07-29,The Menu,2022,https://boxd.it/awiB4N,4,Yes,tubi,2025-07-28
2025-07-30,Eddington,2025,https://boxd.it/ax8EUV,,,watched in theater,2025-07-29
2025-07-30,The Fantastic Four: First Steps,2025,https://boxd.it/axhKwj,3,,"watched in theater, cbm ğŸ’¬",2025-07-29
2025-07-31,Carnival of Souls,1962,https://boxd.it/axVYKf,3.5,,tubi,2025-07-30
2025-08-01,The Draughtsman's Contract,1982,https://boxd.it/ayN265,3.5,,"â­ greenaway gamut, tubi",2025-07-31
2025-08-04,The Falls,1980,https://boxd.it/aBfbq3,,,"â­ greenaway gamut, wtf cinemaâ“, kanopy",2025-08-03
2025-08-07,H Is for House,1976,https://boxd.it/aDCAFB,,,â­ greenaway gamut,2025-08-05
2025-08-07,A Walk Through H,1978,https://boxd.it/aDCRvt,,,â­ greenaway gamut,2025-08-05
2025-08-07,Vertical Features Remake,1978,https://boxd.it/aDDkKR,,,â­ greenaway gamut,2025-08-05
2025-08-07,A Zed & Two Noughts,1985,https://boxd.it/aDEd9L,4,,"â­ greenaway gamut, kanopy",2025-08-06
2025-08-09,Hiroshima Mon Amour,1959,https://boxd.it/aENkY9,3.5,,"france ğŸ‡«ğŸ‡·, kanopy",2025-08-08
2025-08-10,The Belly of an Architect,1987,https://boxd.it/aFzGFJ,3,,"â­ greenaway gamut, tubi",2025-08-09
2025-08-11,American Graffiti,1973,https://boxd.it/aGAxzX,2.5,,watched in theater,2025-08-10
2025-08-15,I Am Cuba,1964,https://boxd.it/aJCwJ9,5,,"ussr â˜­, cuba ğŸ‡¨ğŸ‡º, kanopy",2025-08-14
2025-08-17,Drowning by Numbers,1988,https://boxd.it/aL2Hjn,4,,"â­ greenaway gamut, tubi",2025-08-16
2025-08-18,8Â½,1963,https://boxd.it/aLWDbV,3.5,Yes,"italy ğŸ‡®ğŸ‡¹, kanopy",2025-08-17
2025-08-19,Earth,1930,https://boxd.it/aMOt0L,2.5,,"watched at work, ussr â˜­",2025-08-18
2025-08-20,Le Dormeur,1974,https://boxd.it/aN7ZmH,,,"â­ sculpting in time, watched at work, france ğŸ‡«ğŸ‡·, profile",2025-08-19
2025-08-21,The Last Command,1928,https://boxd.it/aO9qRD,4,,watched at work,2025-08-20
